battery_id,cycle,chI,chV,chT,disI,disV,disT,BCt,SOH,RUL
B5,1,1440146910,4254681794,2398873275,1894406780,3273522542,3298083419,1986195795,9930978979,219
B5,2,1416594577,4159824804,2566534731,1829949497,4038740624,3225792017,1986239707,9931198537,218
B5,3,1420271538,4276322905,2540791046,1942105354,3214432808,3513480064,1984252162,9921260814,217
B5,4,1337679606,4236696540,2706975673,2073577373,3134528537,3208298809,1969236235,9846181178,216
B5,5,1263945700,4142791453,2647835338,2049884903,3729341367,3248315440,1974862124,9874310621,215
B5,6,1509147537,4146696396,2648364739,2046433078,2973916337,3517235863,1976298929,9881494647,214
B5,7,1374813283,4222430023,2597710355,1970787269,3549098982,3323022725,1965697690,9828488450,213
B5,8,1427582795,4186580957,2724625337,1890462732,3518397224,3442750916,1959159404,9795797024,212
B5,9,1571597725,4186082667,2816540978,1834759475,3802198449,3218705346,1957507309,9787536549,211
B5,10,1282632042,4186542728,2846775900,1966498248,3901716639,3357466058,1951182097,9755910486,210
B5,11,1515973772,4197220996,2719033071,1983574271,3726270141,2861973113,1939811452,9699057262,209
B5,12,1521423277,4204862132,2840188246,1888507433,3956903970,3263355759,1945833119,9729165595,208
B5,13,1347463960,4167728298,2433458593,1854718302,4191591826,3350087905,1938353397,9691766988,207
B5,14,1441043822,4203974049,2425269222,1975348933,3366318625,3069706218,1933983636,9669918180,206
B5,15,1338650898,4177468122,2746826548,2095790834,3931979475,3576220622,1929087262,9645436313,205
B5,16,1549444120,4180243537,2660992232,2058433872,3580295879,2977093438,1922226585,9611132926,204
B5,17,1358166583,4212071274,2705896248,1950986677,3807205621,3179556441,1916556567,9582782837,203
B5,18,1326797612,4186073803,2667939772,1894448368,3572291284,3163362390,1911760567,9558802839,202
B5,19,1568560437,4138143741,2727125133,1990881871,4179809935,2684845729,1907363800,9536819004,201
B5,20,1426717598,4206902543,2783236146,2001998060,4028407870,3144353300,1899663203,9498316015,200
B5,21,1453301222,4198300293,2535942499,1897014834,4023047708,3612104512,1892471761,9462358809,199
B5,22,1323575448,4196091040,2569145477,1919122401,4190725907,3289522805,1887854396,9439271980,198
B5,23,1400528093,4143534297,2637948252,2031405814,3595698259,3319798325,1885954582,9429772910,197
B5,24,1510509231,4187590693,2796720811,2171688218,3491989426,3151248166,1883636725,9418183626,196
B5,25,1533072560,4273612828,2849501326,1933554161,3577134926,3483228892,1878302041,9391510209,195
B5,26,1488976385,4259123223,2929586847,2012276617,3519909586,3305639319,1869038602,9345193014,194
B5,27,1490457325,4204346817,2591563801,1923220811,3458056275,3231139220,1871205746,9356028732,193
B5,28,1532560364,4221245992,2681573820,1931464905,3990288209,3208657179,1860995593,9304977966,192
B5,29,1347172863,4209193697,2811992958,1942732356,3494793505,3003976207,1856526476,9282632380,191
B5,30,1411826076,4243953099,2816807172,1957580263,3134916589,2957741286,1857758874,9288794371,190
B5,31,1312537539,4212322662,2625601096,2128560385,3374553318,3452350452,1839953081,9199765407,189
B5,32,1488058967,4137660368,2773792651,2136396297,3801286120,3120722256,1844025621,9220128106,188
B5,33,1380357616,4257790003,2588568684,2116657240,3226717010,3555802464,1833854949,9169274749,187
B5,34,1418588858,4172486588,2651570724,2032264134,3521226117,3273593910,1827652015,9138260076,186
B5,35,1380061262,4172183248,2479529493,1875896565,3270142806,3040269381,1824341662,9121708314,185
B5,36,1696453798,4251395615,2433609476,1948444606,3374633520,3701072334,1825023176,9125115880,184
B5,37,1393706583,4209530798,2611227011,1985177283,3888214863,3408294304,1811058170,9055290850,183
B5,38,1461083441,4301688018,2529198383,1869313965,3594338265,3241297118,1810498556,9052492782,182
B5,39,1443475684,4101977284,2662052476,2017820855,3636873649,3329595229,1809731451,9048657258,181
B5,40,1487867523,4226813008,2696555824,1989062434,3739748061,3109533538,1798558349,8992791745,180
B5,41,1240560615,4213346672,2611037055,2136461006,3733458679,3393443696,1792094465,8960472325,179
B5,42,1317302475,4120816644,2872475033,1908195346,3651568947,3371619047,1786120080,8930600403,178
B5,43,1520631816,4178021303,2689164479,2020205296,3657557763,3344399042,1774990524,8874952621,177
B5,44,1298157492,4175273465,2811249601,2199686564,3884136682,3614216895,1774375392,8871876962,176
B5,45,1532599158,4215713303,2721861455,2068728690,3536425459,3455734611,1765216759,8826083797,175
B5,46,1282882861,4241163204,2627570497,2069208779,3942600338,3192203603,1764737524,8823687623,174
B5,47,1399374377,4147247449,2780707458,1955710057,4003197144,3378743372,1764391129,8821955649,173
B5,48,1276905714,4252155028,2876241578,1950984646,4020005533,3221303570,1769523036,8847615182,172
B5,49,1383402076,4272191639,2489340435,2028138060,3778937259,3131688061,1759995713,8799978568,171
B5,50,1379758095,4182830330,2544080947,1974627580,3766283529,3250702790,1748094059,8740470296,170
B5,51,1455935495,4210492272,2617423423,1894361406,4008471819,3414376251,1739824314,8699121571,169
B5,52,1380037230,4238956866,2862461966,1984159527,2871419898,3380961414,1737185183,8685925916,168
B5,53,1451060102,4234660287,2657911037,2072557370,3765098553,3313578140,1729987146,8649935734,167
B5,54,1436953927,4210434352,2665898357,1947075173,4009429913,2953827329,1732323858,8661619290,166
B5,55,1351845714,4226116617,2646119830,1992762463,3230787417,3129514890,1720934161,8604670809,165
B5,56,1493397316,4201671013,2443071884,1987627643,3737456980,3402141544,1713891905,8569459529,164
B5,57,1463648407,4161917505,2730173244,1911933052,3826234187,3493941544,1713899184,8569495922,163
B5,58,1173856567,4282171888,2661990935,1945455645,3308601755,2959231608,1703854363,8519271819,162
B5,59,1375917900,4252937616,2872542679,1957236865,3414331776,3372974083,1700981609,8504908047,161
B5,60,1441104279,4103703312,2552356538,2149084966,3312118594,3311976407,1709507993,8547539965,160
B5,61,1478520447,4137041265,2630240920,2103726658,3274697424,3195030650,1691824434,8459122172,159
B5,62,1464606141,4163167125,2681553730,2411225660,3790852506,3633468970,1696293715,8481468575,158
B5,63,1593519769,4244255769,2774163752,2109702808,3337916963,3175631424,1682917988,8414589943,157
B5,64,1464721646,4196757534,2587502869,1978951479,3246460452,3188843502,1672080388,8360401943,156
B5,65,1365621235,4225429685,2803979402,2182544484,3432464319,3296149160,1673807406,8369037030,155
B5,66,1460467250,4248435599,2500882319,2003307957,3692843048,3533668571,1671659330,8358296654,154
B5,67,1236166085,4236180264,2443990796,1959966655,3300284032,3028552261,1666378096,8331890480,153
B5,68,1194636104,4237718348,2924226275,2034312723,3808601009,3476319381,1664318266,8321591332,152
B5,69,1279739441,4219000198,2765454536,2041537425,3449153177,3223017373,1655907298,8279536491,151
B5,70,1456999052,4257963377,2709615108,1980333715,3534192733,3511237916,1644195170,8220975850,150
B5,71,1427745687,4145481336,2848962209,1966993084,3708155301,3705507935,1638189736,8190948683,149
B5,72,1382307417,4216101485,2592396313,2110222949,3861252915,3542170750,1641676321,8208381607,148
B5,73,1466504441,4207183384,2580449134,2021755240,3708485489,3339778133,1637427452,8187137263,147
B5,74,1343032639,4134895473,2592519024,2092420791,3819288545,3310218303,1633662094,8168310472,146
B5,75,1521503573,4143978905,2655867730,1757137308,3513587913,3098216591,1628592068,8142960344,145
B5,76,1379703979,4207424801,2681005177,2172410831,3361056428,3235129163,1619070394,8095351970,144
B5,77,1340887382,4229888320,2438010733,2072055623,3311495684,3341456134,1618851425,8094257125,143
B5,78,1465078890,4261812967,2602135849,1989926565,3430514854,3294930127,1620955730,8104778653,142
B5,79,1380773923,4193526943,2809978113,2070659372,3375176158,3446521240,1606491194,8032455971,141
B5,80,1404773872,4141877970,2656587322,1923004311,3474176822,3094640513,1599773372,7998866864,140
B5,81,1299503949,4248125946,2602881900,1905088920,3543949366,2984893756,1598415420,7992077104,139
B5,82,1438420351,4213752523,2739549243,2016779071,3044449319,3423273549,1594742511,7973712555,138
B5,83,1406119616,4192287454,2536627085,2132493585,3116678932,3477628102,1590304249,7951521248,137
B5,84,1362561890,4216551148,2595367230,2035841609,3597764467,3230125979,1578022871,7890114355,136
B5,85,1255467227,4103013841,2650899641,1898232110,3499829106,3298950953,1573998491,7869992456,135
B5,86,1294353168,4196282250,2966815168,1806710737,3500287374,3375223088,1571679578,7858397891,134
B5,87,1605071786,4279116718,2830165936,1984064142,3129796758,3192048919,1568965706,7844828530,133
B5,88,1654550308,4274550352,2767848175,1954016854,3654486390,3623298644,1562042009,7810210048,132
B5,89,1302804228,4293642843,2402817107,2060232591,3527463186,3438615622,1559397172,7796985861,131
B5,90,1255461171,4221716481,2763015021,1984856003,3643743706,3245300401,1549863313,7749316569,130
B5,91,1463045436,4200499403,2622564367,2173725322,2749690396,3453381352,1544385812,7721929063,129
B5,92,1315395964,4110552190,2535075320,2016045024,3688326081,3146226016,1540295569,7701477845,128
B5,93,1329078586,4235428218,2993815011,1881577663,3577912526,3333367960,1537030656,7685153281,127
B5,94,1514202203,4172462379,2794495465,2106611584,3716074967,3284199412,1523527779,7617638896,126
B5,95,1184842113,4149871406,2876616369,2063772339,3122441623,3394373147,1522824067,7614120339,125
B5,96,1470048236,4180497695,2407377537,2010277489,3495642525,3457763244,1521711559,7608557795,124
B5,97,1284276972,4193566093,3091307693,2012009695,3699622137,3247480526,1514135325,7570676625,123
B5,98,1274000111,4210852089,2667832544,2071294839,3244196083,3261366791,1509117353,7545586769,122
B5,99,1408294150,4195364971,2750567561,2004188307,3506059315,3438578131,1507688150,7538440754,121
B5,100,1233498837,4192898698,2759351812,2013247757,3027338670,3283677523,1500168307,7500841539,120
B5,101,1299194118,4229584759,2636359517,1977336773,3212881697,3374080622,1503339633,7516698167,119
B5,102,1510655962,4195308499,2652431784,2012447856,3504962925,3235633936,1494981934,7474909670,118
B5,103,1432514312,4257064754,2604091213,1924861110,4067777263,3537342512,1487796853,7438984268,117
B5,104,1406594197,4177971843,2774093563,1982066008,3818547277,3272778236,1471283414,7356417074,116
B5,105,1416466823,4249397656,2836029262,1974494427,3412805079,3274088424,1474052971,7370264858,115
B5,106,1335466308,4190808656,2764409643,2078996754,3762507003,3308225951,1472688416,7363442083,114
B5,107,1550542950,4206795696,2537116023,2152926955,3550602030,3483013782,1457996407,7289982036,113
B5,108,1314250497,4106477629,2684637752,1986884406,3734463106,3258510780,1462155303,7310776515,112
B5,109,1442274292,4196774312,2639967488,1810258363,3912717100,3403094790,1450615494,7253077470,111
B5,110,1196193583,4186156649,2609091224,1839403308,3496610649,3334004622,1446235674,7231178373,110
B5,111,1603139721,4264794314,2777316525,2189512229,3556736443,3589961605,1449703938,7248519694,109
B5,112,1473625794,4166825472,2774778080,1826399024,3551529286,3264666568,1429929428,7149647143,108
B5,113,1214288905,4147332835,2778499979,2013686105,2839564901,3533197982,1441146258,7205731290,107
B5,114,1202295542,4221432613,2445969624,2074759012,3321320595,3502998401,1431206520,7156032603,106
B5,115,1419480717,4247927627,2766160399,2042813163,3657879977,3053557433,1420907423,7104537118,105
B5,116,1373919030,4265362119,2543337862,2006852577,3418912934,3073910598,1421856214,7109281073,104
B5,117,1350199371,4199690673,2801083362,2010187331,3252209659,3266063955,1419790982,7098954914,103
B5,118,1336632376,4235906876,2795466252,2147517416,3114458477,3243603051,1409109155,7045545775,102
B5,119,1257733673,4193368054,2687459257,1989780108,3487624581,3353271317,1401182417,7005912085,101
B5,120,1374843179,4200242347,2801518253,1917544485,3506506523,3375522640,1404154345,7020771729,100
B5,121,1473679296,4160802913,2842144847,1943442589,3455674537,3193009512,1390227433,6951137169,99
B5,122,1434753275,4349176973,2742323481,2008340866,3610742278,3399749444,1389866334,6949331670,98
B5,123,1540348114,4222285819,2557736288,2094830061,3261079705,3369252475,1379115962,6895579814,97
B5,124,1170278584,4155853918,2576063068,1963160755,3513396693,3180757056,1378169859,6890849295,96
B5,125,1470671917,4217991333,2725044069,2009850414,2883967316,3167985543,1376565101,6882825509,95
B5,126,1483313215,4174970158,3006633039,2071827069,3634465784,3464476551,1368399603,6841998018,94
B5,127,1281134194,4177359012,3060602418,2126241605,3502089965,3412608271,1360574967,6802874839,93
B5,128,1387410466,4220685875,2680844724,1948826686,3525298647,3719213499,1359910425,6799552126,92
B5,129,1427114164,4174436081,2480484062,2146213523,3748899111,3412491191,1350933296,6754666481,91
B5,130,1288955299,4254961930,2709636966,2117091197,4041334556,3393822862,1355679470,6778397350,90
B5,131,1419846573,4269938168,2531789235,2120796132,3707003843,3310866927,1354020570,6770102854,89
B5,132,1291150519,4190987281,2803104613,1925715675,3535336054,3670277980,1341762460,6708812303,88
B5,133,1267754324,4197324088,2855706609,1996719129,3225325777,3248279085,1339197513,6695987566,87
B5,134,1298868604,4246162777,2713172804,1944379495,3981450324,3080264602,1328898961,6644494806,86
B5,135,1420326443,4185709534,2632688184,2033875749,3369740377,3344092669,1332012226,6660061134,85
B5,136,1469399042,4143474548,2519202144,1942457727,3370572578,3089419969,1322335317,6611676585,84
B5,137,1240741870,4190949626,2781374909,1872350643,3479024861,3124230955,1312108800,6560544003,83
B5,138,1333953097,4220698157,2638168226,1828502168,3336180321,3165929139,1304413427,6522067136,82
B5,139,1340479438,4197210353,2596663215,2117079028,3918957364,3326755479,1320031095,6600155477,81
B5,140,1500339857,4221626220,2958138009,2046244041,3417182977,3161153854,1298847842,6494239211,80
B5,141,1294359490,4248151880,2630602675,2061063456,3354372432,3409848062,1302541017,6512705086,79
B5,142,1300115860,4297516720,2516661328,1843225214,4012088145,3178953448,1287036598,6435182993,78
B5,143,1505397109,4248690127,2651119219,2044339743,3740784797,3202629060,1285848291,6429241456,77
B5,144,1486695215,4176782452,2812457365,1991738749,3430767378,3399082169,1288358837,6441794188,76
B5,145,1483482599,4254844685,2902047693,1960415145,3505915945,3426269766,1278341302,6391706510,75
B5,146,1277013246,4158657713,2891457760,1936845172,3546055875,3438476341,1265431656,6327158283,74
B5,147,1509890181,4245992566,2942071025,2007192902,4192583482,3593556357,1262438000,6312190003,73
B5,148,1278363914,4073889278,2875108454,2044002835,3116352069,3801261256,1248388443,6241942219,72
B5,149,1372581616,4188325498,2256530437,2048274586,3544449039,3413149809,1260509404,6302547024,71
B5,150,1288630853,4273299798,2575206931,1893602181,3305478581,3488250023,1257968170,6289840854,70
B5,151,1527411863,4249710574,2788438339,2208724814,3549915418,3330443552,1241786869,6208934345,69
B5,152,1355073955,4205085548,2636100648,2017826329,3276032615,3171281656,1247611163,6238055816,68
B5,153,1488153666,4176798008,2530058811,2039909679,3376497526,3431000182,1232946491,6164732458,67
B5,154,1298575749,4190123410,2720124951,1781445079,4091478058,3443720377,1230948489,6154742449,66
B5,155,1480773886,4167779711,2636671268,2019154467,2885424001,3040709545,1230397968,6151989842,65
B5,156,1466617319,4222122940,2880553187,2032287536,4000300821,3223815475,1220697472,6103487362,64
B5,157,1445136992,4198457854,2704132206,2008258280,3499449514,3164698023,1210307712,6051538563,63
B5,158,1416889351,4099305479,2800882067,2198178475,3338215255,3311206852,1206620907,6033104537,62
B5,159,1372781576,4231264947,2972696289,2074550440,3497323239,3513149187,1205723721,6028618609,61
B5,160,1362161456,4189752223,2568409854,1951714983,3348996435,3573968656,1201170708,6005853541,60
B5,161,1408550074,4197739628,2536764712,2154596202,3562826286,3238550084,1191906729,5959533649,59
B5,162,1402903717,4193450166,2685441402,2054362230,3959640266,3442869013,1190676398,5953381994,58
B5,163,1451131142,4153262578,2701435318,1956925645,3611721594,3550369464,1185949350,5929746751,57
B5,164,1386077305,4269594455,2755198512,2003470783,3506657393,3766976327,1186091117,5930455589,56
B5,165,1164825018,4255896579,2586558689,1873900876,3450143491,3263628136,1169186420,5845932104,55
B5,166,1385543744,4212598444,2815950996,2011307642,3568745903,3175055483,1166040887,5830204436,54
B5,167,1429594660,4175313359,2718802215,1915175238,3577873288,2993558426,1164178927,5820894639,53
B5,168,1317234746,4138970787,2463770162,2062836828,3191059555,2997541774,1156900321,5784501606,52
B5,169,1397217555,4183003609,2839656683,1997305615,3785818172,3164362837,1159836812,5799184064,51
B5,170,1496795619,4228176553,2567836133,2139811093,3668657625,3211950690,1141941688,5709708441,50
B5,171,1494175631,4178614073,2646997628,1994870720,3812042976,3721090170,1151051391,5755256959,49
B5,172,1443329695,4190837626,2416912830,2066510735,2629357465,3304754954,1134170482,5670852414,48
B5,173,1432966319,4035077797,2786008894,2031257188,3362677805,3024514325,1132599361,5662996806,47
B5,174,1526597421,4138933385,2772546095,1837783770,3784121181,3190204979,1133159063,5665795316,46
B5,175,1668397278,4152938173,2585101074,2026581021,3608422193,3151853621,1116600704,5583003523,45
B5,176,1506118201,4215183968,2468839401,2112330664,3326117621,3141389761,1126206346,5631031730,44
B5,177,1404216822,4186547711,2529726320,2004835409,3968459611,3540080712,1115958771,5579793855,43
B5,178,1209753577,4287997316,2675289024,2002193693,3844987833,3248956576,1107772304,5538861520,42
B5,179,1175990173,4206619819,2610056850,2070917884,3325158905,3298267035,1107533638,5537668190,41
B5,180,1482563875,4200406623,2852118736,1897708220,3135698711,3168383853,1100589133,5502945666,40
B5,181,1592286548,4129992021,2758479517,2065586354,3952260328,3343132540,1092590899,5462954497,39
B5,182,1415781969,4235559636,2774768847,1878092720,4078397101,3363134231,1087456685,5437283426,38
B5,183,1364882043,4256737792,2457329297,2019181732,3680763858,3467480521,1087579961,5437899806,37
B5,184,1284623170,4124856542,2577011064,1922993155,2484857027,3192269728,1075840075,5379200379,36
B5,185,1457505665,4154770806,2983351174,2059388656,3418077830,3559963661,1072454615,5362273078,35
B5,186,1402153723,4169121926,2779601002,2037578548,3272240850,3159615642,1076353991,5381769956,34
B5,187,1508557382,4202008574,2772667312,1877237967,3451874590,3358590642,1071685227,5358426138,33
B5,188,1474442843,4157370038,2711896253,2058626206,3661583424,3467068256,1063512970,5317564853,32
B5,189,1375088043,4142294048,2494079416,2126777084,3311712621,3128667068,1059770068,5298850342,31
B5,190,1250720073,4163589623,2872291747,2011931965,3217298749,3156807385,1048986955,5244934775,30
B5,191,1298490629,4140318948,2712892511,1931592192,3915743970,3104802551,1036396529,5181982647,29
B5,192,1438555960,4268384906,2661265502,1998415278,3291025673,3467537665,1041632610,5208163052,28
B5,193,1351539750,4226185891,2445825152,2017981409,2998750826,3367486395,1036037796,5180188981,27
B5,194,1511739012,4142656655,2621729858,1891111188,3123519924,3097626245,1032668113,5163340566,26
B5,195,1432885066,4272985749,2609126581,2156793613,3491655864,3497125528,1027892379,5139461899,25
B5,196,1455899063,4178573492,2638285719,2049716091,3078002775,3772024306,1020414933,5102074667,24
B5,197,1404553942,4122428210,2869291006,2037198915,3802050031,3184799110,1017738550,5088692754,23
B5,198,1392673657,4207290402,2919535863,2137165580,3072096165,3533684829,1015583062,5077915313,22
B5,199,1349878981,4227274400,2725812729,2021516488,2950128158,3333547074,1011666179,5058330899,21
B5,200,1381593564,4160371332,2834920020,1772453660,3745008380,3010320582,1011095970,5055479852,20
B5,201,1450975650,4185882096,2607362623,2019958681,3212619524,3345372999,0997131008,4985655040,19
B5,202,1402550559,4262721333,2553538541,2002855537,3105895416,3264952256,0991810348,4959051744,18
B5,203,1403375527,4265886645,2732748957,2035137739,3986491746,3265814267,0978428223,4892141115,17
B5,204,1334317708,4218026815,2357503350,1794821385,2750105587,3471295549,0979279627,4896398136,16
B5,205,1487819722,4189641432,2973085951,1925656466,3736092557,3543887379,0967829715,4839148576,15
B5,206,1493345543,4241394055,2452405244,2135747878,3291712766,3150109489,0968216004,4841080023,14
B5,207,1475829969,4241911964,2555125112,1995096186,3675255416,3276389825,0963070860,4815354300,13
B5,208,1407670913,4183965787,2701140781,1942595470,3641431112,3388338481,0955102179,4775510899,12
B5,209,1409341972,4195344923,2620372177,2007944512,3169788582,3480296899,0954664234,4773321173,11
B5,210,1530562009,4211194893,2535254343,2030412289,3888797290,3516589674,0955951876,4779759383,10
B5,211,1238754419,4180395833,2676541627,1950289842,3607119255,3208875994,0934853764,4674268821,9
B5,212,1257414584,4236801036,2727414332,1852753966,3320007651,3390376793,0946003755,4730018776,8
B5,213,1388390061,4245169911,3048110365,2106414053,3237972400,3374418123,0931584992,4657924963,7
B5,214,1401467831,4232721789,2794450664,1950752872,3805109568,3304064706,0935099247,4675496237,6
B5,215,1407153584,4216359525,2794900740,2065013041,3734671422,3205433449,0925349701,4626748506,5
B5,216,1342821738,4216419072,2549843795,1960573172,3178011221,3635040558,0919885066,4599425331,4
B5,217,1424966830,4155549712,2520600161,2161916209,3590647499,3288862125,0907184545,4535922725,3
B5,218,1461633753,4278277763,2818025615,2047031488,3246454638,3147852299,0912027381,4560136905,2
B5,219,1214994808,4217524249,2716884086,1760381394,3623897177,3331432599,0910944242,4554721213,1
B5,220,1365501208,4234900300,2631638695,1935076193,3734413244,3364098826,0898261646,4491308234,0
B6,1,1459440756,4198743573,2652150672,1958210309,3668568868,3119808029,1993691739,9968458696,209
B6,2,1409572790,4198196881,2352926375,2030742090,3187173473,3475071013,1979443419,9897217098,208
B6,3,1384877939,4252227873,2511068815,1991029897,3561328162,3457402881,1988276678,9941383391,207
B6,4,1183563692,4152253594,3029502146,1885011411,3915914977,3035351001,1979041641,9895208206,206
B6,5,1558688216,4275418537,2508833267,2005307446,3340395090,3475475454,1977044496,9885222484,205
B6,6,1260177011,4210503312,2690120421,1835841283,3105293722,3056828606,1968346211,9841731057,204
B6,7,1495992946,4156600916,2746468514,1995856953,3578285421,3259985161,1967038085,9835190428,203
B6,8,1473151071,4165171779,2963787147,2013194658,3804610269,3255421211,1959446633,9797233166,202
B6,9,1502898705,4142660588,2783931812,2134285376,3880433920,3446924716,1950669066,9753345331,201
B6,10,1275286657,4213491239,2309334782,1962525865,3327102109,3257132779,1949930894,9749654474,200
B6,11,1535312979,4144390417,2693117488,2026144101,3330419460,3150035935,1954325100,9771625503,199
B6,12,1332860652,4255492190,2435011095,1887930790,3395948498,3152433190,1947637785,9738188929,198
B6,13,1498605055,4121638503,2898599864,2052293313,3321793028,3036649661,1938144267,9690721339,197
B6,14,1387480920,4230198002,2894374829,2084751831,3766926935,3342713557,1925800917,9629004587,196
B6,15,1343201490,4200791128,2863979936,2035584451,3623191654,3077516833,1929020682,9645103411,195
B6,16,1458332587,4221280190,2374122094,2010843267,3590338415,2985637453,1917593695,9587968478,194
B6,17,1454934917,4115476446,2867586765,2241457145,3750527837,3123678485,1917184750,9585923750,193
B6,18,1398499355,4236568438,2545521947,2001812511,3570417652,3683178225,1911499664,9557498323,192
B6,19,1536648245,4219092013,2576079595,1982348493,3465749446,3176239502,1911006535,9555032677,191
B6,20,1375353733,4096404137,2489589224,1991672495,3734397598,3371342353,1895964674,9479823372,190
B6,21,1398759366,4223304866,2906685485,2073912375,3327935224,3322557871,1900417432,9502087163,189
B6,22,1493371169,4162647430,2564042629,1942627507,3264211322,3027506742,1887845904,9439229522,188
B6,23,1552898233,4129087037,2568109550,1886497175,3599633629,2981648215,1893699567,9468497837,187
B6,24,1282837300,4157237723,2641262786,1948304944,4122769205,3282956740,1882932924,9414664624,186
B6,25,1515273606,4226657612,2634978483,2000306709,4134563694,3514108595,1868260270,9341301351,185
B6,26,1190097704,4153260959,2408135214,2151140312,3688152399,3424992511,1869621476,9348107380,184
B6,27,1583230733,4137300812,2769346785,2058337175,3428250541,3331695020,1859454507,9297272535,183
B6,28,1341989221,4226267202,2710300764,2069342082,3570295372,3127860432,1855880325,9279401626,182
B6,29,1336647728,4158578556,2817634871,2108678172,2893522167,3373477679,1847827606,9239138030,181
B6,30,1335243762,4192707014,2862727344,2084566969,3120690381,3229671258,1846152433,9230762166,180
B6,31,1451797555,4132101526,2666123948,1943001596,3575853909,3321742177,1849859784,9249298921,179
B6,32,1512854366,4248179565,2629124649,1939627561,3130621455,3325290112,1844661633,9223308167,178
B6,33,1312116972,4214497507,2645481867,1881056751,3393775836,3440866014,1828610726,9143053631,177
B6,34,1397218684,4286907141,2469095665,2020483186,3611865948,3596919904,1830185447,9150927235,176
B6,35,1423089600,4251259958,2457491778,2105538356,3511085681,2997887203,1818588569,9092942847,175
B6,36,1422035773,4156037123,2628326865,1848634502,3206647279,3418897310,1821936018,9109680092,174
B6,37,1247890410,4229296321,2477771389,1977802014,2982655713,3119386205,1821843646,9109218230,173
B6,38,1373575184,4167084443,2864316116,2138138862,3841595131,3502615564,1818857233,9094286167,172
B6,39,1468530625,4166326182,2474926700,2046856060,3385896551,3131535384,1809428632,9047143162,171
B6,40,1225942804,4192467410,2359712218,2142606201,3040871104,3211610984,1799870992,8999354961,170
B6,41,1319769934,4197225732,2658010938,1957915095,3671982785,3638650350,1794018795,8970093978,169
B6,42,1155485313,4215298291,2589310491,1990821776,3299452075,3506895938,1789780930,8948904654,168
B6,43,1374478313,4133637792,2417591288,1917072656,3718475546,3308740383,1787339091,8936695459,167
B6,44,1352918273,4241980765,2555627486,2113728412,3891483795,3203276386,1777522091,8887610458,166
B6,45,1502326961,4260761374,2707623150,2067621570,3074960234,3257040450,1777636158,8888180792,165
B6,46,1360315181,4164884408,2715881946,1971479867,3299538272,3116716662,1776900784,8884503920,164
B6,47,1551385842,4185163836,2812059593,1904820699,3474862417,3154381803,1771827905,8859139527,163
B6,48,1215887694,4204037566,2835595100,1943641172,3484006125,2829024415,1762275670,8811378350,162
B6,49,1259242158,4295917884,2858474071,2013830607,3314562449,3197953943,1754711197,8773555986,161
B6,50,1239490028,4172110296,2836792078,2034713727,3154276739,3346778995,1747058754,8735293770,160
B6,51,1432568592,4184053958,2947597723,2013644738,3537842476,3597508918,1750413886,8752069430,159
B6,52,1587573515,4173523195,2742004113,2033208053,3716925671,3056436347,1736303047,8681515239,158
B6,53,1318484235,4169900989,2698556026,1920005420,3154624496,3327771622,1732299673,8661498365,157
B6,54,1266308354,4116116202,2557345249,1892915523,3190183569,3084146022,1734783962,8673919813,156
B6,55,1242384267,4144948956,2626921957,2114273757,3161583260,3215759471,1722022982,8610114911,155
B6,56,1466345572,4196422996,2870338164,1967754751,3524439536,3057763644,1721311068,8606555341,154
B6,57,1371881198,4224549322,2824629971,2121548376,3491622062,3241234526,1716644790,8583223950,153
B6,58,1382503915,4120980661,2924568470,1983581953,3972758781,3104147962,1704413891,8522069457,152
B6,59,1252821718,4257847950,2813581201,2101262058,3556491097,3334328674,1704398374,8521991873,151
B6,60,1358081298,4256792875,2799593209,2057786506,3381227649,3532242323,1702668581,8513342907,150
B6,61,1291469173,4223726284,2514867312,2001614868,3566836393,3200208560,1682214688,8411073442,149
B6,62,1429723913,4161751702,2600325662,1985550100,3711038677,3668263921,1690513840,8452569203,148
B6,63,1493558676,4186211253,2969276866,2114695183,3234854896,3439786606,1682652329,8413261646,147
B6,64,1365405583,4199778894,2735372018,2016256610,3222835387,3269342939,1692066545,8460332729,146
B6,65,1457543323,4156258279,2751100103,1891968934,3331324679,3654854365,1680009808,8400049043,145
B6,66,1535283678,4223495811,2842618025,1945935619,3263479073,3175750434,1671664976,8358324883,144
B6,67,1374399366,4197629709,2699803214,1880697543,3735969989,3236045782,1664334499,8321672497,143
B6,68,1279690894,4333785441,2805623440,1930057389,3684576851,3434486020,1658353051,8291765255,142
B6,69,1401653627,4192695569,2691896929,1893814506,3704193194,2872306962,1653933621,8269668108,141
B6,70,1281397539,4173596209,3000046107,1977106948,3177346549,3232807874,1658728727,8293643639,140
B6,71,1423752871,4203346962,2510056842,2052950783,3345267386,3416547188,1645794240,8228971200,139
B6,72,1397348979,4145829053,2541127106,1941279401,3346117262,3111936689,1647784881,8238924408,138
B6,73,1553868783,4214630191,2639556125,2032276575,2844288125,3387783540,1633492001,8167460005,137
B6,74,1388140829,4159423282,2671048274,2022435665,3395959243,3523567816,1631822708,8159113540,136
B6,75,1568814853,4239806751,2801090152,1984596063,3558015868,3196984215,1633886931,8169434655,135
B6,76,1440815736,4176620555,2801761812,2208904757,3594623971,3229415770,1622667959,8113339797,134
B6,77,1322084743,4228852319,2769697641,1971102867,3687332705,3570176172,1612553734,8062768671,133
B6,78,1256208059,4235056851,2828293476,2071575685,3612053230,3173033665,1613447539,8067237697,132
B6,79,1446500401,4136997327,2624330836,2048224640,3337308071,3315281638,1603764888,8018824440,131
B6,80,1372065262,4205698002,2977504592,2066906519,3488229552,3292249494,1598149197,7990745985,130
B6,81,1311581903,4166150317,2601786338,1922960559,3400135673,3044801268,1595804811,7979024058,129
B6,82,1368111300,4211099885,2602246375,1989129084,3845965836,3358686078,1591833071,7959165357,128
B6,83,1414345967,4256232674,2583867260,1996163543,3612151946,3417165296,1582940244,7914701222,127
B6,84,1397025601,4264174166,2474349006,2029816543,3813357111,3333424765,1582638728,7913193644,126
B6,85,1516691607,4178326621,2684649319,2071808960,3774116062,3199391872,1578953522,7894767613,125
B6,86,1274056230,4208778892,2887352924,2059488010,3593149940,3201195901,1565444291,7827221455,124
B6,87,1411851681,4201462321,2592371604,2126467097,3473472850,3356445814,1561920949,7809604745,123
B6,88,1262602586,4140799912,2650102775,2107524795,3652465359,3482366453,1553870140,7769350702,122
B6,89,1536896714,4225331917,2668622078,2089302276,3476923347,3420912277,1559843503,7799217518,121
B6,90,1455841182,4228497383,2631376796,2106628665,4018575807,3297785267,1552316484,7761582422,120
B6,91,1291358932,4162653016,2736171820,2060734993,3179255940,3303203161,1540035399,7700176996,119
B6,92,1442568414,4227635823,2861982784,1976547229,3363333532,3338576094,1543264027,7716320136,118
B6,93,1594096277,4309846176,2726886760,1968572865,3395768363,3462252979,1530011351,7650056756,117
B6,94,1333554283,4187996593,2701282039,2079473836,3450296477,3153601236,1534726040,7673630203,116
B6,95,1280377516,4235862870,2485459666,1825096678,4020897514,3106541206,1519869538,7599347690,115
B6,96,1584248787,4215460578,2725243255,2048591160,3311951265,3008992767,1531918397,7659591988,114
B6,97,1522445317,4180109796,2516214677,1801210337,3751477765,3572100036,1518325893,7591629467,113
B6,98,1303279804,4234810042,3077581974,2139884216,3370099278,3520665782,1511160544,7555802723,112
B6,99,1417203455,4128658850,2617961523,2056984429,3244691832,3209592739,1507076512,7535382563,111
B6,100,1340282134,4159148965,2723768776,1972743514,3545075850,3426498870,1504528320,7522641601,110
B6,101,1504622698,4197848889,2664450868,1861080711,3688315210,3631240910,1494853060,7474265304,109
B6,102,1442701548,4204014272,2955620112,1987801030,3089285157,2968975845,1485945140,7429725702,108
B6,103,1497951298,4210408031,2680419757,2289232579,3445516195,3362023673,1486212863,7431064316,107
B6,104,1320822366,4271846931,2772251109,2010931177,2954898643,3486987067,1479744973,7398724866,106
B6,105,1423883140,4161889222,2643626815,1802170554,3062215095,3072835364,1469736895,7348684476,105
B6,106,1485307713,4255064252,2640156088,2065352493,3358552161,3228844663,1465800143,7329000716,104
B6,107,1397751969,4201463010,2733064500,2191418095,3756391920,3505835159,1472409754,7362048772,103
B6,108,1475684600,4121526649,2677064886,1940927349,3894097386,3221510170,1467707217,7338536087,102
B6,109,1559864870,4095767316,2662717381,2050751668,2965601952,3209760670,1456322766,7281613832,101
B6,110,1376889956,4155159820,2641715489,1906048089,3790709436,3397462200,1439642610,7198213053,100
B6,111,1328453232,4277703111,2796925602,1900099819,3107459765,3708645693,1456416349,7282081745,99
B6,112,1282107630,4246207412,2622940640,2022046255,3110368418,3588471845,1435631922,7178159611,98
B6,113,1480865521,4161982238,2565645798,2032361467,3280635498,3199181257,1432188181,7160940905,97
B6,114,1605268994,4359233380,3048706276,1931044186,3454001595,3361004918,1427368933,7136844666,96
B6,115,1477578285,4242993709,2895743533,1702437930,4064438535,3171956506,1428896799,7144483995,95
B6,116,1420092923,4146246258,2770682438,1849622336,3620461006,3226817284,1419710985,7098554929,94
B6,117,1452139044,4112999872,2551731271,2233807005,3366542745,3472792889,1409651551,7048257759,93
B6,118,1284344852,4202723903,2606965098,2082577398,3592609108,3554339059,1415750010,7078750053,92
B6,119,1375082051,4173450903,2738568809,1961008187,3575101755,3283104274,1398971562,6994857811,91
B6,120,1000858705,4319364235,2777292598,2027613449,3238232501,3160765580,1398155103,6990775515,90
B6,121,1459035659,4178275609,2647112908,2128756930,3368914352,3210556360,1398692962,6993464812,89
B6,122,1237217682,4189930452,2895454993,2034022302,3302592609,3257678451,1389319197,6946595985,88
B6,123,1442928199,4138194830,2779445993,1980639747,3696160031,3688847717,1388955808,6944779044,87
B6,124,1324151736,4171195988,2741410326,1710043526,3336427774,3223884961,1371451187,6857255939,86
B6,125,1186304961,4172050081,2520730797,2019085660,3686786978,3096704340,1376066710,6880333553,85
B6,126,1327143020,4227005412,2541792308,1936273379,3930037448,3200498184,1373936318,6869681591,84
B6,127,1636246464,4207334116,2657389595,2043551059,3194062169,3604530027,1370374030,6851870154,83
B6,128,1382540681,4243008747,2548813971,2181571661,3399092163,3438703752,1365055633,6825278167,82
B6,129,1409231176,4160571822,2822109197,1978562271,2924676242,3296590216,1351074914,6755374574,81
B6,130,1361324618,4204797159,2530781947,2060758081,3055389945,3351487411,1351589948,6757949740,80
B6,131,1367665496,4242165290,2874370683,1918973438,3337669635,3443201977,1342840465,6714202328,79
B6,132,1455663032,4236196406,2692391772,1956059315,3461830846,3542944273,1341546155,6707730777,78
B6,133,1349465667,4226876837,2889401069,1996640928,3477623221,3687667300,1336287835,6681439176,77
B6,134,1407782894,4164052915,2535237939,1961962448,3681796095,3213847014,1338101461,6690507308,76
B6,135,1502851895,4318645803,2321367018,1988587579,3326028139,3274686405,1323708811,6618544056,75
B6,136,1330036485,4161609892,2554275610,2132601906,2992855588,3638796841,1325642023,6628210118,74
B6,137,1439747606,4114753684,2810162778,1999015173,3215223633,3026370087,1322541878,6612709393,73
B6,138,1351535143,4169392497,2598280661,2030787131,3715241658,3155635423,1316474635,6582373177,72
B6,139,1459501216,4262850455,2662582559,1974530522,3446662773,3079232475,1303393113,6516965568,71
B6,140,1361424749,4191243012,2600168153,2151812853,3417825076,3346553136,1292711227,6463556135,70
B6,141,1369414228,4214451737,2596991887,2062727027,4242452409,3519922230,1299347640,6496738201,69
B6,142,1593459728,4237801988,2660888283,1955177695,3281038684,2939619658,1293212120,6466060601,68
B6,143,1233895469,4270213430,2614840972,2040823742,3707581268,3298894024,1283225135,6416125677,67
B6,144,1456546193,4257648470,2864547007,1923426682,3773112190,3419782255,1277947832,6389739163,66
B6,145,1324863844,4217149553,2645659898,2205309891,3704337236,3331392884,1273851071,6369255358,65
B6,146,1372528226,4193688080,2876736329,2037928154,3360773298,3477840940,1272563593,6362817965,64
B6,147,1516117140,4117690070,2775985970,1922509170,3600015892,3198958848,1253907378,6269536890,63
B6,148,1275004446,4248653254,2654880594,2075947042,3475897719,3123889027,1264888780,6324443902,62
B6,149,1428454841,4218535761,2688961170,2062277591,3478082135,3259832248,1256722319,6283611597,61
B6,150,1387645467,4301317772,2642977560,1937886294,3056625225,3220529126,1252846553,6264232766,60
B6,151,1099358933,4191011757,2498649586,2012338049,3231594295,3351821230,1248272838,6241364194,59
B6,152,1345199148,4230589503,2815629407,2031368081,3560701221,3265949633,1248032961,6240164805,58
B6,153,1388260315,4168170738,2721509458,2063167044,3462869407,3191360635,1227998557,6139992789,57
B6,154,1337442622,4172355787,2447254562,1922695917,3423898572,3661833963,1224949288,6124746440,56
B6,155,1359262437,4164735573,2692856975,2150303699,3080537862,3138363558,1230636019,6153180096,55
B6,156,1218130845,4156871754,2633686473,2085838921,3860441078,3555312794,1215424655,6077123275,54
B6,157,1406031994,4256910692,2489796457,1959450558,3930105387,3393745693,1213910628,6069553142,53
B6,158,1257979946,4200997407,2805277564,2112105383,3379103123,3263258830,1206801000,6034005003,52
B6,159,1444095692,4202609055,2617999412,1992930335,3784132211,3368932369,1201311682,6006558414,51
B6,160,1394781589,4255167051,2727056230,1954967895,3604454152,3561767681,1191617414,5958087073,50
B6,161,1469378198,4202813977,2732080224,1992818222,3712976266,3319973554,1199479840,5997399203,49
B6,162,1403100080,4267283097,2697852512,2054646283,3830839321,3146492837,1188190899,5940954498,48
B6,163,1436851746,4198097559,2783416533,2116274504,3633207768,2977590562,1186785483,5933927417,47
B6,164,1595876500,4177336626,2750876619,1987225543,3628095909,3217107548,1180030226,5900151132,46
B6,165,1494334634,4201166243,2766072782,1778757443,3067807390,3423919607,1169301202,5846506012,45
B6,166,1455409648,4264649319,3018638091,1964468430,3557073454,3435823270,1173094002,5865470012,44
B6,167,1464817761,4147844984,2816216642,2126008286,3681719896,3315699630,1176577267,5882886336,43
B6,168,1372694631,4114980353,2640825148,1824941564,3429468476,3436350523,1154505567,5772527838,42
B6,169,1453283433,4236495136,2529154748,1964119578,3606328485,3479381852,1161185207,5805926039,41
B6,170,1393768516,4267860865,2842757361,2003523828,3599920322,3251502686,1146221434,5731107171,40
B6,171,1195716646,4232498679,2559694314,2044117115,3514314410,3172430274,1144332629,5721663147,39
B6,172,1379624816,4119802061,2683746515,2005804419,3288696657,3342990357,1141520846,5707604231,38
B6,173,1435935760,4176529445,2734276009,1923108422,3202789450,3308340632,1134856919,5674284596,37
B6,174,1353926116,4177306649,2781757208,2042614555,3488360900,3126078474,1129066825,5645334125,36
B6,175,1375840492,4176817729,2643976751,2025055030,3949792242,3488079900,1129223345,5646116728,35
B6,176,1119306070,4220077358,2798654380,2001684331,3887903152,3316693258,1117138813,5585694066,34
B6,177,1515667633,4199035148,2544829331,2015986721,3083932509,3143328990,1114301365,5571506825,33
B6,178,1390304088,4231268228,2983169878,2089181558,3775238527,3066888125,1106172378,5530861893,32
B6,179,1569533266,4228213387,2729830391,1853192326,3646624263,3307863828,1108857778,5544288894,31
B6,180,1523353351,4224757727,2547708871,1945480182,3312472976,3137826394,1103574257,5517871286,30
B6,181,1388609875,4261243085,2827319329,1924723805,2882495702,3323703959,1092625718,5463128591,29
B6,182,1384956095,4199300465,2807717864,2105070492,3481672317,3453281876,1095376810,5476884053,28
B6,183,1534837687,4229468999,3064876279,2101101372,3295608568,3662284220,1084648772,5423243864,27
B6,184,1522806477,4142812361,2643245043,1945737469,3137244836,3175877332,1079503438,5397517194,26
B6,185,1300851868,4254189461,2542535467,1998883497,3329781140,3164819700,1076503121,5382515609,25
B6,186,1419783437,4269468973,2790416755,1957065669,3873659856,3033588821,1064759241,5323796207,24
B6,187,1536469716,4168072853,2794760338,2099961011,3792993152,2842350346,1063475682,5317378411,23
B6,188,1419838139,4130763333,2727411629,1972276933,3352199780,3203947731,1061142401,5305712007,22
B6,189,1476218815,4205276886,2558941559,2027750558,3918817200,3528344586,1055270716,5276353582,21
B6,190,1414124795,4127869720,2717378029,2018517482,3041573260,3341200103,1047697641,5238488208,20
B6,191,1318369021,4185693951,2781634811,1821317821,3296626505,3381032508,1046349674,5231748373,19
B6,192,1468332492,4200526605,2561701088,2082785283,3838423046,3080133995,1031329631,5156648159,18
B6,193,1346655766,4197846089,2860577071,1919386949,3602050478,3175979654,1036164617,5180823088,17
B6,194,1393518488,4220123257,2586202162,2227136525,3391691067,3360702779,1027042812,5135214060,16
B6,195,1374326075,4229170558,2729148487,2131690100,3562728350,3269822626,1027198525,5135992627,15
B6,196,1478713694,4245241009,2651249189,1849148944,3115769891,3163111030,1025790228,5128951142,14
B6,197,1500792348,4129103947,2696371594,2086104308,3157568405,3377293677,1015393377,5076966885,13
B6,198,1421954276,4088964743,2408862213,1847433035,3111705492,3543452742,1009514754,5047573774,12
B6,199,1507277739,4110499949,2641173629,2087841031,3335831293,3299248159,1003607593,5018037967,11
B6,200,1483067175,4182486213,2648072027,1942663487,3494287594,3354365710,0991762077,4958810385,10
B6,201,1611690024,4224506811,2547912457,2031825928,3811538752,3184729507,0999689148,4998445743,9
B6,202,1342728411,4189394845,2590808850,2137666080,4044465874,3242922215,0988260245,4941301229,8
B6,203,1488208222,4236946918,2570328752,1794796536,3502549576,3137988113,0996181093,4980905468,7
B6,204,1299176485,4116842310,2680154713,2036967467,3953739930,3581423469,0988228813,4941144068,6
B6,205,1393916532,4172097660,2573014175,1805078978,3456178142,3488698447,0969674176,4848370884,5
B6,206,1646951547,4165814964,2711582125,1992529651,3511162230,3656220282,0967160996,4835804983,4
B6,207,1392635667,4167586305,2650984066,1935286355,3479248394,3553767405,0961438751,4807193759,3
B6,208,1478755002,4278293405,2723816740,2079061341,3833753927,3490911102,0958538223,4792691116,2
B6,209,1299964999,4207064159,2160478430,1947180317,3048985331,3377465252,0956119829,4780599146,1
B6,210,1544600167,4258727851,2965967528,1867483625,3664770422,2899202713,0942195033,4710975168,0
B7,1,1326539156,4214089295,2752268429,2109578001,3473823020,3185180201,1990905709,9954528548,249
B7,2,1273313639,4152434627,2409743990,2102501835,3213579024,3215056067,1988718093,9943590467,248
B7,3,1314348527,4214932478,2919567822,2006944245,2782114289,3365002848,1982429274,9912146372,247
B7,4,1348235287,4195935915,2791195175,2120985306,3601863305,3564560549,1979288093,9896440466,246
B7,5,1576208082,4236554583,2551573991,1836004609,3855110610,3217311433,1978814754,9894073771,245
B7,6,1496391509,4273995383,2557347874,2101865873,3871788933,3410383808,1970679679,9853398396,244
B7,7,1385894074,4208372604,2596329478,1862379055,3025181621,3480968738,1968423193,9842115968,243
B7,8,1388426954,4245736395,2689573641,2001222688,3541802767,3587227470,1955200045,9776000229,242
B7,9,1460261655,4134359919,2723620899,1830704856,3969065769,3271496857,1964102198,9820510992,241
B7,10,1402270953,4268647021,2398133800,2191008993,3443113534,3177915242,1948000599,9740002999,240
B7,11,1448243300,4196925490,2771130139,1929501660,3356482303,3434550516,1945837104,9729185523,239
B7,12,1350623584,4191279758,2832930262,2021094369,3600527936,3199171532,1946936529,9734682645,238
B7,13,1435814587,4250636820,2628874417,1956311582,3171880660,3398834755,1940675772,9703378861,237
B7,14,1406449186,4168531651,2688958747,2032460596,2897310836,3333818093,1932369738,9661848690,236
B7,15,1462842029,4161711575,2729589434,2322381525,3224977079,3036952649,1937493208,9687466043,235
B7,16,1540029769,4220959126,2945459507,1947693375,3016258077,3154907769,1912181073,9560905367,234
B7,17,1227482739,4203535274,2533636803,1848490036,3269145984,3283421315,1913921126,9569605632,233
B7,18,1283855998,4142182824,2629065813,2153033842,3218057131,3148733012,1911369720,9556848603,232
B7,19,1267458254,4196182937,2567369413,2171279513,2987947441,3488904096,1902656675,9513283378,231
B7,20,1531062384,4189202205,2572047527,2094307445,3192907516,3126494771,1900646653,9503233265,230
B7,21,1397704751,4223319269,2838421149,2067754531,3711619697,3513367478,1895444876,9477224381,229
B7,22,1412504715,4087631981,2710841708,1945181763,3320732402,3189551512,1891561254,9457806272,228
B7,23,1427718156,4216782293,2625349098,2058877513,3218367626,3277854459,1879094471,9395472359,227
B7,24,1314092535,4216904782,2714940634,2030866313,2994891556,3377933051,1883737911,9418689557,226
B7,25,1427327247,4248415664,2554696252,1995423349,3912271316,2937790218,1871560146,9357800730,225
B7,26,1388224492,4190360882,2505167935,2048275614,3826993933,3338094886,1871617017,9358085088,224
B7,27,1366208296,4181991189,2697035497,2186005125,3496339741,3336236456,1867922583,9339612918,223
B7,28,1585031323,4238148201,2923764161,2127896927,3511796449,3445527512,1852657257,9263286288,222
B7,29,1320416995,4202397525,2668814009,2060792501,3683200396,3068825842,1853010649,9265053245,221
B7,30,1463147703,4255105705,2528330076,1973543393,3408649063,3448829340,1854425860,9272129303,220
B7,31,1511941864,4187135446,2801048667,1997401682,3633584700,3186204253,1852242817,9261214088,219
B7,32,1356513905,4193839282,2789142483,2033128967,3018509480,3548971994,1842433704,9212168521,218
B7,33,1595124577,4215473958,2513595054,1994645299,3160635037,3813514789,1839608757,9198043787,217
B7,34,1445281150,4223904408,2641388037,2098226604,3941982662,3407192935,1827438713,9137193565,216
B7,35,1519372630,4179326527,2485960979,2082722418,4098280766,3323781188,1823280550,9116402753,215
B7,36,1539163890,4275583158,2884008042,2104699232,3371226318,3263657483,1820072586,9100362933,214
B7,37,1189892081,4229463526,2408488577,2074709209,2897249744,3838872140,1823756852,9118784261,213
B7,38,1286315716,4156788408,2601436096,2004437687,3406249091,2991477426,1816777482,9083887414,212
B7,39,1342240981,4295745596,2666685945,2200693556,3270669494,3182641706,1804744858,9023724290,211
B7,40,1436271457,4147291659,2886013335,2018207179,4162998045,3343773866,1800633988,9003169944,210
B7,41,1400914839,4166016279,2860763728,2051960519,3509689804,3186528232,1796014290,8980071453,209
B7,42,1315456078,4172858345,2703230213,2029181260,3617936379,3399657897,1789703588,8948517944,208
B7,43,1450140155,4221910781,2448283202,1857412416,3766953351,3065122560,1784669419,8923347095,207
B7,44,1237972494,4202641822,2667551908,1935014446,3368416232,3298645274,1772895012,8864475064,206
B7,45,1354580902,4215812053,2651506811,2078856275,3786175031,3363368976,1764417798,8822088994,205
B7,46,1441693655,4156213027,2644541439,1992423814,3627633055,3349331980,1772213059,8861065298,204
B7,47,1313416243,4221614911,2648418234,1957906307,3937735150,3679327345,1773302517,8866512587,203
B7,48,1438098042,4148373402,2452746934,1894867078,3403247459,3151171557,1763613076,8818065382,202
B7,49,1639711686,4255026904,2849985697,2017126305,3762837847,3341798118,1757483422,8787417110,201
B7,50,1473994131,4171094494,2563717883,1842940300,2733257939,3448835594,1739084339,8695421699,200
B7,51,1380955212,4170400619,2747421234,2040495862,3684028106,3297086786,1744446890,8722234453,199
B7,52,1345657448,4214472097,2436451211,2061716031,4363548118,3246585362,1722830571,8614152857,198
B7,53,1255462826,4179819325,3003468086,2242530456,3460461303,2779561126,1735892068,8679460343,197
B7,54,1439078688,4186297515,2743263776,2069030594,3744232297,3574432215,1728295230,8641476154,196
B7,55,1320340653,4249176541,2727108495,2136325289,3275873879,3713866348,1723296310,8616481552,195
B7,56,1384930824,4190666033,2534773839,2066735597,3262838772,3348810175,1721706484,8608532421,194
B7,57,1417177131,4186459647,2567104614,1858762715,3650651221,3190172491,1715486243,8577431216,193
B7,58,1327776553,4196907584,2603935662,1928488557,3487877645,3158600205,1712101979,8560509895,192
B7,59,1253122271,4171452657,2429041821,2030077578,3568260307,3423224611,1697342196,8486710981,191
B7,60,1411656845,4181815713,2664788164,2066068110,3470718339,3357046875,1709328109,8546640546,190
B7,61,1501967575,4271028269,2436735938,1909131491,3678965902,3213183259,1695820911,8479104558,189
B7,62,1281004816,4208000166,2888672074,2060972404,3202106821,3348634667,1682802861,8414014305,188
B7,63,1548500007,4254433762,2724890118,1973337434,3330349147,3278072796,1679907851,8399539256,187
B7,64,1403557656,4235000137,2724860244,1791381420,3209047776,2955698478,1680036013,8400180067,186
B7,65,1469737564,4087560029,2991889264,1960511377,3770968381,2888671178,1675612502,8378062514,185
B7,66,1518571890,4195222454,2439980613,2011651526,3757424339,3544450184,1669782572,8348912862,184
B7,67,1485841671,4241616571,2660310861,1944028857,3683263279,2994490028,1667815219,8339076095,183
B7,68,1452393705,4261458026,2568122856,1848563361,3120104729,3448487848,1655072921,8275364605,182
B7,69,1410207262,4218256183,2713222393,2065354947,3056950583,3104548548,1655921246,8279606232,181
B7,70,1413422033,4257056874,2470100467,1994573342,3599033947,3365072093,1640456959,8202284799,180
B7,71,1393864921,4251982399,2480440994,1982984134,3167613563,3441530007,1642996511,8214982557,179
B7,72,1406433766,4205395259,2706247854,1806223892,3899012649,3280124786,1634479472,8172397360,178
B7,73,1428247217,4250933748,2831489953,1849096431,3660987986,3202649477,1630326757,8151633785,177
B7,74,1524552184,4217474219,2550039439,2113813341,3539324063,3274263621,1636577234,8182886174,176
B7,75,1327729270,4208913118,2562827871,2048485232,3340400164,3215837156,1630211241,8151056208,175
B7,76,1372939642,4262005421,2762773099,2019895986,3434323236,3156127993,1629279461,8146397309,174
B7,77,1438308801,4179929538,2813689667,1959666675,3298673348,3657613736,1611065504,8055327522,173
B7,78,1406901390,4065659503,2528815336,1984308128,3375209948,3306577022,1604326701,8021633506,172
B7,79,1335130203,4238818291,2922774858,1967389843,3448694823,3556787767,1601596144,8007980721,171
B7,80,1459909679,4259640422,2709415993,1938200717,3515445413,3299079560,1602101318,8010506593,170
B7,81,1357628947,4225128885,2821978919,1948259925,3276237099,3326924715,1594659159,7973295797,169
B7,82,1450262042,4163218499,2434835324,2126227863,4275893976,3597418385,1596512926,7982564633,168
B7,83,1379081085,4173034497,2577839405,2045392397,3482334492,3430614664,1591159205,7955796026,167
B7,84,1208973243,4230663594,2790100880,2051233528,3972955920,3380643516,1580500867,7902504339,166
B7,85,1288164543,4227507631,2572305319,2151049734,3844019907,3500478391,1570760037,7853800185,165
B7,86,1440301523,4199653263,2726495668,1922318283,4347769091,3516446778,1569866159,7849330795,164
B7,87,1556619121,4181542053,2609677768,1855907613,3723479499,3236983919,1566081045,7830405225,163
B7,88,1564430287,4289279868,2635548870,2056609832,3665534022,3380780846,1553005138,7765025693,162
B7,89,1512587627,4250998543,2767190099,2066479434,3395399529,3410761260,1552772023,7763860116,161
B7,90,1313429664,4195835370,2688918582,1889459244,3718395258,3387159464,1548624707,7743123539,160
B7,91,1399613856,4159010514,2626473342,1950225299,2966075951,3309883278,1543937219,7719686097,159
B7,92,1375787836,4234340671,2743985662,1954053682,3729678599,3557923034,1541706514,7708532573,158
B7,93,1477011160,4207921351,2561170324,2066976555,3220310596,3319357292,1527873698,7639368494,157
B7,94,1539710399,4319244557,2620958028,1971585104,3415187849,3252365614,1536577032,7682885162,156
B7,95,1256485122,4161102111,2613514021,1928526251,3191198621,3474615321,1533422434,7667112172,155
B7,96,1314949323,4249671285,2883691397,1977164263,3541684424,3417296257,1525763776,7628818884,154
B7,97,1747515247,4170780133,2918442279,1959652713,3002894373,3000085765,1514045350,7570226754,153
B7,98,1221046859,4154392944,2582853276,2173351838,3954302809,3235695733,1512939958,7564699791,152
B7,99,1373937405,4225939080,2816558947,2159032521,3125822772,3252034046,1509972079,7549860398,151
B7,100,1247920905,4255286473,2671467649,2040129073,3360986736,3255239155,1503927478,7519637392,150
B7,101,1283689135,4127737331,2503021759,1942508720,3792225661,3353539551,1500385020,7501925101,149
B7,102,1321394153,4248466275,2930275847,1875930610,3747249507,3381968122,1501173111,7505865559,148
B7,103,1443878998,4194009147,2561788564,1931869776,3226751470,3656124434,1489611886,7448059431,147
B7,104,1557623947,4247379750,2573439706,2022486810,3523066431,2905046957,1485136380,7425681901,146
B7,105,1378991365,4177415697,3023364297,2178388941,3408244228,3454438478,1474499023,7372495119,145
B7,106,1384487498,4199214037,2438986041,2270462777,3270831415,3023083275,1470138914,7350694574,144
B7,107,1238003580,4282705002,2799208033,1987492931,3505038165,3179867713,1460971468,7304857344,143
B7,108,1396542049,4191790696,2822005718,2000335335,3570075070,3029996197,1457723018,7288615092,142
B7,109,1385105246,4284755094,2507371216,2101640316,3328393494,3281696870,1462628522,7313142613,141
B7,110,1431325294,4199377275,2649839218,1870817451,3871302189,2917826560,1455404502,7277022514,140
B7,111,1316840257,4148580725,2633785954,2098590216,3001362271,3397432795,1450894066,7254470332,139
B7,112,1423687390,4320581621,2810105363,1983183141,3522421426,3396349772,1434583921,7172919607,138
B7,113,1380647981,4236082836,2685966259,2007035867,4017799714,3433256628,1443621600,7218108004,137
B7,114,1490832193,4159127739,2686711466,2036195627,3572008804,3531104171,1423997317,7119986589,136
B7,115,1219654924,4269043570,2522885158,1889867494,3313728784,3069520905,1426916421,7134582109,135
B7,116,1385763285,4214874500,2408687092,2005793820,3449798687,3401077513,1428576537,7142882689,134
B7,117,1581407125,4141235728,2684075703,2208176245,3477134910,3418183637,1412772522,7063862614,133
B7,118,1518375042,4261438152,2641927268,1997776282,3725913179,3515516628,1410373113,7051865569,132
B7,119,1485605724,4191920075,2600155548,2014711170,3342943460,2906446075,1413118425,7065592129,131
B7,120,1294196453,4202113939,2767091359,1996846373,3331439183,3640121137,1401347558,7006737790,130
B7,121,1414730815,4213479862,2580532018,2092740357,3758433453,2969244394,1398572189,6992860947,129
B7,122,1379386878,4132674490,2635078472,1990382802,3237180465,3511424878,1387308486,6936542430,128
B7,123,1273210222,4187337979,3002934018,1880094911,3535054241,3582437058,1383104847,6915524235,127
B7,124,1439517576,4241535652,2561712290,1958709859,3175909005,3390733016,1386146452,6930732263,126
B7,125,1432278964,4155500642,2777965355,2020214836,3352361472,3304390666,1379759764,6898798820,125
B7,126,1341757930,4113744487,2652523627,2039855314,3165158813,3212247039,1370722196,6853610982,124
B7,127,1621736018,4211801135,2453839553,2001641009,3794651789,3260209659,1361527219,6807636099,123
B7,128,1307492281,4222278751,2665388675,1987625622,3683287384,3331596786,1358048700,6790243502,122
B7,129,1267870811,4229145873,2451251382,2347001745,3067410927,3619828442,1348170260,6740851300,121
B7,130,1267344019,4203846347,2791612642,2020621986,3739319563,3272844205,1354811896,6774059483,120
B7,131,1303028039,4167654941,2739547672,2005968789,3782317829,2974069138,1337320305,6686601526,119
B7,132,1339558284,4206987735,2644509182,2095995767,3371998809,3454939286,1339584437,6697922189,118
B7,133,1323900328,4240235107,2707000973,1982551316,3467601553,3574910199,1328001322,6640006610,117
B7,134,1517891188,4261762323,2639374805,2063188197,3472240357,3472662431,1331018221,6655091107,116
B7,135,1483857819,4168561348,2946081935,1866173830,3867308232,3234495569,1326747250,6633736251,115
B7,136,1360676991,4236735758,2553478216,2021846105,2923273045,3446724376,1323478912,6617394562,114
B7,137,1474795054,4274779496,2874880217,2160242314,2715588822,3472175486,1314429936,6572149684,113
B7,138,1189129849,4215464337,2633053122,1951121334,3087583064,3433266584,1319757321,6598786607,112
B7,139,1365468000,4225623145,2559700632,1958287886,3496069434,3372353193,1301268406,6506342033,111
B7,140,1408570385,4129146798,2903370204,1837916185,3337058677,3222423186,1301971350,6509856752,110
B7,141,1424098875,4296924674,2579716033,1890198500,4261805406,2864920341,1305932923,6529664617,109
B7,142,1415689732,4212140583,2857709386,1911618460,3672975987,3390389829,1290957995,6454789979,108
B7,143,1311744411,4245791653,2607120406,2034239518,3017507668,3120712275,1289982274,6449911374,107
B7,144,1410153324,4161320767,2666800547,2012936987,3175949422,3187405920,1279405886,6397029432,106
B7,145,1164634346,4145761222,2524804410,2017470194,3410513023,3449890779,1271573302,6357866511,105
B7,146,1410720435,4152306139,2508882556,2134297409,3795833982,3238060678,1262238493,6311192468,104
B7,147,1409928411,4134134719,2519300812,2005471101,3067970279,3736914474,1268811917,6344059585,103
B7,148,1292964219,4093283678,2582378141,1868084540,3538906265,3151671208,1266192959,6330964798,102
B7,149,1306259254,4284652809,2992153610,1870740556,3828159324,3205496323,1254842399,6274211997,101
B7,150,1312571752,4111007388,2724052482,2069696417,3864793553,3357977093,1252523852,6262619261,100
B7,151,1338546671,4295449225,2534823530,1783857548,3994618922,3166900372,1245306945,6226534729,99
B7,152,1398133958,4171237820,2612514478,1920140680,3729202198,3388188137,1243408132,6217040660,98
B7,153,1464732379,4218376620,2683096201,2049791367,3736526921,3394767667,1232340299,6161701498,97
B7,154,1466746288,4187500180,2582043108,1962907682,3176138451,3266737463,1227529377,6137646889,96
B7,155,1453959872,4219566604,2554769046,2265643552,3538789317,3276205177,1228385061,6141925307,95
B7,156,1477960543,4199913402,2898229911,2111494540,3103399861,3630468558,1217760998,6088804993,94
B7,157,1374139878,4205343797,2718265427,1927416508,3910933640,3115087991,1216865096,6084325480,93
B7,158,1410055015,4229429905,2893092118,2191648151,3685827943,3237592975,1203278747,6016393735,92
B7,159,1562332561,4299237027,2668585398,2044747266,3492439927,3421334606,1206364936,6031824680,91
B7,160,1253821501,4130696398,2694703419,1851037126,2983069044,3361678217,1192549469,5962747348,90
B7,161,1298902841,4159497174,2695201379,1980801220,3015369455,3363763384,1190736457,5953682286,89
B7,162,1445022759,4211494668,2859935954,2013871364,3550559990,3261892003,1196180791,5980903956,88
B7,163,1461833793,4277850511,2732646322,1998808016,3843898900,3279744750,1183905844,5919529220,87
B7,164,1248685186,4273626857,2406847989,1863351236,3177997128,3226038898,1175999654,5879998270,86
B7,165,1398594771,4207210253,2883244858,2044842004,3131111731,3296827108,1178102373,5890511867,85
B7,166,1544940357,4199308069,2470661316,1997953832,3422269547,3389458831,1165130004,5825650024,84
B7,167,1423242971,4170199248,2705707226,1829320315,3544660577,3185139629,1164678648,5823393240,83
B7,168,1426535775,4214073789,2722684294,1987572778,3811464969,3161079983,1160945089,5804725447,82
B7,169,1363921521,4198403126,2496454471,1922391074,3903688283,3209119570,1149285800,5746429004,81
B7,170,1425365036,4245504587,2859875707,2128000068,4160586361,3098326258,1146345472,5731727362,80
B7,171,1355011599,4247995293,2907428483,1930985364,3675502492,3481345616,1147651933,5738259667,79
B7,172,1276592447,4191796231,2537222077,1914121751,3391886311,3324047086,1144503058,5722515293,78
B7,173,1418085726,4135494048,2859779315,1989655132,3871291026,3352941913,1136706768,5683533842,77
B7,174,1373388289,4199814599,2458419122,1988715223,3305020940,3234822488,1129920819,5649604096,76
B7,175,1322379317,4213251104,2699608859,2048385431,3509518596,3327341657,1124134345,5620671729,75
B7,176,1590815821,4213705667,2615800895,1888791405,3241182647,3222366306,1116873675,5584368376,74
B7,177,1490865015,4183334293,2586622440,1987082812,3683011989,2885011985,1113577940,5567889702,73
B7,178,1628355809,4164843597,2850130518,1906343228,4138893999,3193291824,1112640778,5563203893,72
B7,179,1506055659,4117575682,2585733440,2203876894,3414001290,3380244034,1102666628,5513333143,71
B7,180,1424952682,4192396417,2487383188,2045582595,3460828396,3339232122,1106620376,5533101880,70
B7,181,1345191602,4147557745,2408910154,1911123690,3504278231,3610380242,1095622231,5478111156,69
B7,182,1381903630,4168396904,2614555878,1938541934,3439918147,3336678699,1081620865,5408104328,68
B7,183,1354722521,4264641975,2742542979,2007569980,3654560839,3379428312,1086878122,5434390613,67
B7,184,1439996917,4160673701,2763539593,2114833900,3379748319,3480466474,1079840992,5399204963,66
B7,185,1363115751,4224088572,2559107807,1896305446,3888350517,3147184995,1079639012,5398195064,65
B7,186,1249959995,4266562110,2700085382,1920705416,3438711506,3326753330,1069131867,5345659336,64
B7,187,1149269961,4187628400,2754206660,2111114000,3199443521,3101472558,1066927551,5334637755,63
B7,188,1263995153,4166479445,2732645096,2096273041,3610188872,3209417817,1063094089,5315470445,62
B7,189,1309640778,4190031592,2727740966,2010374635,3313613593,3347682003,1057519505,5287597529,61
B7,190,1399322280,4130676333,2676585503,1988803201,3401462022,3566686760,1039812047,5199060237,60
B7,191,1374185652,4150701591,2941251746,1969751794,3277703646,3432683085,1043545801,5217729006,59
B7,192,1422190415,4226300811,2968447950,1967777481,3867722994,3221229514,1036904746,5184523731,58
B7,193,1268606358,4220072129,2738811574,2065212146,3878740370,3362218240,1031997080,5159985402,57
B7,194,1553846527,4138900146,2758399544,2067521482,3769394129,3500342275,1032448134,5162240671,56
B7,195,1360949058,4184593068,2596574209,1996074409,3630438939,3066863236,1027255297,5136276485,55
B7,196,1367896063,4207345372,2730749611,2154419206,3310392510,3090981553,1010597738,5052988691,54
B7,197,1411436087,4224575249,2382254154,2139416208,2814722402,3399063721,1011047729,5055238649,53
B7,198,1479103844,4234173781,2455446413,1991995905,3399664250,3403945569,1003511941,5017559707,52
B7,199,1475647510,4178779843,2692950913,2031787748,3814652801,3219863268,0993985008,4969925043,51
B7,200,1361167730,4226830571,2658418138,2156293994,3199912959,3261914591,1002385308,5011926542,50
B7,201,1348201731,4153433756,2606431401,2008182502,3517348387,3483557131,0995517060,4977585300,49
B7,202,1477854664,4234804986,2562038380,2078602623,3406711855,3327945044,0980652075,4903260378,48
B7,203,1503470486,4241107105,2706050032,2051252921,3256802990,3445337593,0975392443,4876962215,47
B7,204,1365132119,4143976491,2574604977,2024068864,3365401801,3403140800,0985353374,4926766870,46
B7,205,1488042237,4240482473,2885616018,1983138869,3869343572,2988533863,0974268260,4871341300,45
B7,206,1363361806,4157046995,2919267962,2087935414,3139917499,3338715796,0967584586,4837922930,44
B7,207,1476002189,4209222416,2811373280,2210053192,3468165546,3346466620,0966221922,4831109613,43
B7,208,1338585458,4202111881,2685298259,2168151568,3302802997,3248016306,0960097114,4800485571,42
B7,209,1307832895,4136976601,2805435927,1974258537,3015177302,3308458249,0951000467,4755002335,41
B7,210,1271569159,4300268487,2749365778,2033047342,3493263900,3065155420,0955472577,4777362887,40
B7,211,1511332610,4263895663,2874726879,1831105476,3244996222,3199219787,0929325393,4646626966,39
B7,212,1398743885,4190636516,2613499486,1956741995,3479514487,2890971765,0947702656,4738513284,38
B7,213,1689601758,4227084398,2475482300,1933855325,3038312330,3208165759,0929613922,4648069610,37
B7,214,1207538064,4193392046,2947980245,2085163802,3791789544,3388757330,0926767291,4633836458,36
B7,215,1442324745,4222444475,2583212476,1922813798,3055228860,3072274916,0919643710,4598218552,35
B7,216,1346377939,4274272331,2687147918,2119132908,3776491138,3366414989,0923677357,4618386786,34
B7,217,1432838138,4201571733,2800080834,2020847280,3383421000,3030133558,0911746071,4558730356,33
B7,218,1649348432,4230623782,2802653886,1982329636,3339378487,3262005068,0902223144,4511115723,32
B7,219,1383325695,4275442608,2713007966,1939602527,3747368275,3608037778,0901191701,4505958507,31
B7,220,1460493141,4211612052,2649690052,2073506436,3860272603,3317343927,0906609245,4533046227,30
B7,221,1278295882,4210751090,2850867677,2111763145,3755189626,3331562515,0888271973,4441359868,29
B7,222,1191558943,4266615811,2641096686,2246607351,3151917391,3340063547,0896496404,4482482022,28
B7,223,1480024314,4146076838,2779744096,1870324004,3512687444,3055880680,0882783464,4413917321,27
B7,224,1470497145,4160528248,2839758463,1887553524,3943735547,3744553758,0887045711,4435228559,26
B7,225,1259369426,4157087714,2654530019,1989279325,3035064572,3349074142,0872285788,4361428944,25
B7,226,1563500681,4128924084,2996840169,2134243065,3167248468,3393770044,0872762379,4363811897,24
B7,227,1609478040,4258626475,2693196727,1925170021,3567611649,3284466946,0865920526,4329602631,23
B7,228,1278724093,4205483762,2902509727,2194286856,3367142165,3232694892,0853348348,4266741741,22
B7,229,1497437509,4153963917,2713486294,2071452387,4163672721,3249891478,0852714508,4263572543,21
B7,230,1493549046,4190265593,2648757278,1960759451,3494465722,3328641860,0849883002,4249415013,20
B7,231,1503051771,4192069953,2639649780,1938350956,3480204080,3461113163,0851527187,4257635935,19
B7,232,1513004500,4172080683,2928778285,2130337278,3617991071,3374815347,0840151505,4200757528,18
B7,233,1308018044,4234784207,2648711586,1995229162,3121925233,3238283513,0834262598,4171312994,17
B7,234,1385695969,4192865445,2503795162,2133964277,3293518072,3543949289,0820699673,4103498366,16
B7,235,1570823227,4252458721,2828197745,1857084814,3120903129,3505317741,0826167415,4130837076,15
B7,236,1515581410,4234187059,2711875084,2025275928,2930216698,3327131644,0816360054,4081800271,14
B7,237,1376235452,4263777531,2918709680,2021492793,3494097307,3563374914,0815026921,4075134608,13
B7,238,1235708858,4158399400,2705175301,2108134545,3708897098,3288700343,0810504858,4052524292,12
B7,239,1363471831,4189326239,2621076839,1944830812,3751192295,3149929835,0808338669,4041693346,11
B7,240,1367969999,4267631922,2856909151,2020565020,3653665144,3226030047,0805184471,4025922359,10
B7,241,1577704331,4258776431,2829508155,2140850568,3728271438,3510151284,0792263490,3961317451,9
B7,242,1329218104,4205532496,2958582050,2104947550,3335083249,3249440933,0796101299,3980506497,8
B7,243,1572524514,4286953511,2775413732,2011199032,3609912928,3648925553,0788137363,3940686819,7
B7,244,1356125467,4121661788,2665130637,1891434308,4066169088,3236684960,0780847758,3904238794,6
B7,245,1302121018,4178946404,2509250344,2104328853,3684017947,3270204760,0778308670,3891543350,5
B7,246,1381406125,4210230507,2551087691,2037612043,3298042336,3428170588,0761970440,3809852202,4
B7,247,1428183271,4209903079,2808014515,1972805447,3698308513,3089851634,0765902765,3829513825,3
B7,248,1345409707,4214256030,2909846322,1967715591,3942091021,3082839715,0762010116,3810050580,2
B7,249,1407449781,4184594540,2673602518,1979535140,3025645699,3230322030,0757443860,3787219303,1
B7,250,1406367568,4186321719,2872612968,1886375285,3424951608,3398858800,0750971864,3754859322,0
